do.A,do.T,do.C,do.G,d_max,re.A.1,re.T.1,re.C.1,re.G.1,A.1,T.1,C.1,G.1,do.dom,do.subdom,re.dom,re.subdom,re.dom_reads,re.subdom_reads
0,0.97757885492387,0.0224211450761303,0,0.97757885492387,0,0,0,1,0,0,0,43311,0.97757885492387,0.0224211450761303,0,0,0,0
0,0.796737399073582,0.203262600926418,0,0.796737399073582,0,0,0,1,0,0,0,28797,0.796737399073582,0.203262600926418,0,0,0,0
0,0.754287876449414,0.245712123550586,0,0.754287876449414,0,0,0,1,0,0,0,82676,0.754287876449414,0.245712123550586,0,0,0,0
